"Honeypot Attacks - Top 10","@timestamp per 3 hours"," "
Honeytrap,"2025-06-11 00:00","-"
Honeytrap,"2025-06-11 03:00","-"
Honeytrap,"2025-06-11 06:00","-"
Honeytrap,"2025-06-11 09:00","-"
Honeytrap,"2025-06-11 12:00","-"
Honeytrap,"2025-06-11 15:00","-"
Honeytrap,"2025-06-11 18:00","-"
Honeytrap,"2025-06-11 21:00","-"
Honeytrap,"2025-06-12 00:00","-"
Honeytrap,"2025-06-12 03:00","-"
Honeytrap,"2025-06-12 06:00","-"
Honeytrap,"2025-06-12 09:00","-"
Honeytrap,"2025-06-12 12:00","-"
Honeytrap,"2025-06-12 15:00","-"
Honeytrap,"2025-06-12 18:00","-"
Honeytrap,"2025-06-12 21:00","-"
Honeytrap,"2025-06-13 00:00","-"
Honeytrap,"2025-06-13 03:00","-"
Honeytrap,"2025-06-13 06:00","-"
Honeytrap,"2025-06-13 09:00","-"
Honeytrap,"2025-06-13 12:00","-"
Honeytrap,"2025-06-13 15:00",68
Honeytrap,"2025-06-13 18:00",235
Honeytrap,"2025-06-13 21:00","-"
Honeytrap,"2025-06-14 00:00","-"
Honeytrap,"2025-06-14 03:00","-"
Honeytrap,"2025-06-14 06:00","-"
Honeytrap,"2025-06-14 09:00",63
Honeytrap,"2025-06-14 12:00",303
Honeytrap,"2025-06-14 15:00","-"
Honeytrap,"2025-06-14 18:00","-"
Honeytrap,"2025-06-14 21:00","-"
Honeytrap,"2025-06-15 00:00","-"
Honeytrap,"2025-06-15 03:00","-"
Honeytrap,"2025-06-15 06:00","-"
Honeytrap,"2025-06-15 09:00",2
Honeytrap,"2025-06-15 12:00",269
Honeytrap,"2025-06-15 15:00","-"
Honeytrap,"2025-06-15 18:00","-"
Honeytrap,"2025-06-15 21:00","-"
Honeytrap,"2025-06-16 00:00",352
Honeytrap,"2025-06-16 03:00","-"
Honeytrap,"2025-06-16 06:00","-"
Honeytrap,"2025-06-16 09:00",319
Honeytrap,"2025-06-16 12:00",878
Honeytrap,"2025-06-16 15:00",391
Honeytrap,"2025-06-16 18:00","-"
Honeytrap,"2025-06-16 21:00","-"
Honeytrap,"2025-06-17 00:00","-"
Honeytrap,"2025-06-17 03:00","-"
Honeytrap,"2025-06-17 06:00","-"
Honeytrap,"2025-06-17 09:00","-"
Honeytrap,"2025-06-17 12:00","-"
Honeytrap,"2025-06-17 15:00","-"
Honeytrap,"2025-06-17 18:00","-"
Honeytrap,"2025-06-17 21:00","-"
Honeytrap,"2025-06-18 00:00","-"
Honeytrap,"2025-06-18 03:00","-"
Honeytrap,"2025-06-18 06:00","-"
Honeytrap,"2025-06-18 09:00","-"
Honeytrap,"2025-06-18 12:00",264
Glutton,"2025-06-11 00:00","-"
Glutton,"2025-06-11 03:00","-"
Glutton,"2025-06-11 06:00","-"
Glutton,"2025-06-11 09:00","-"
Glutton,"2025-06-11 12:00","-"
Glutton,"2025-06-11 15:00","-"
Glutton,"2025-06-11 18:00","-"
Glutton,"2025-06-11 21:00","-"
Glutton,"2025-06-12 00:00","-"
Glutton,"2025-06-12 03:00","-"
Glutton,"2025-06-12 06:00","-"
Glutton,"2025-06-12 09:00","-"
Glutton,"2025-06-12 12:00","-"
Glutton,"2025-06-12 15:00","-"
Glutton,"2025-06-12 18:00",653
Glutton,"2025-06-12 21:00","-"
Glutton,"2025-06-13 00:00","-"
Glutton,"2025-06-13 03:00","-"
Glutton,"2025-06-13 06:00","-"
Glutton,"2025-06-13 09:00",508
Glutton,"2025-06-13 12:00",644
Glutton,"2025-06-13 15:00",132
Glutton,"2025-06-13 18:00","-"
Glutton,"2025-06-13 21:00","-"
Glutton,"2025-06-14 00:00","-"
Glutton,"2025-06-14 03:00","-"
Glutton,"2025-06-14 06:00","-"
Glutton,"2025-06-14 09:00","-"
Glutton,"2025-06-14 12:00","-"
Glutton,"2025-06-14 15:00","-"
Glutton,"2025-06-14 18:00","-"
Glutton,"2025-06-14 21:00","-"
Glutton,"2025-06-15 00:00","-"
Glutton,"2025-06-15 03:00","-"
Glutton,"2025-06-15 06:00","-"
Glutton,"2025-06-15 09:00","-"
Glutton,"2025-06-15 12:00","-"
Glutton,"2025-06-15 15:00","-"
Glutton,"2025-06-15 18:00","-"
Glutton,"2025-06-15 21:00","-"
Glutton,"2025-06-16 00:00","-"
Glutton,"2025-06-16 03:00","-"
Glutton,"2025-06-16 06:00","-"
Glutton,"2025-06-16 09:00","-"
Glutton,"2025-06-16 12:00","-"
Glutton,"2025-06-16 15:00","-"
Glutton,"2025-06-16 18:00","-"
Glutton,"2025-06-16 21:00","-"
Glutton,"2025-06-17 00:00","-"
Glutton,"2025-06-17 03:00","-"
Glutton,"2025-06-17 06:00","-"
Glutton,"2025-06-17 09:00","-"
Glutton,"2025-06-17 12:00","-"
Glutton,"2025-06-17 15:00","-"
Glutton,"2025-06-17 18:00","-"
Glutton,"2025-06-17 21:00","-"
Glutton,"2025-06-18 00:00","-"
Glutton,"2025-06-18 03:00","-"
Glutton,"2025-06-18 06:00","-"
Glutton,"2025-06-18 09:00","-"
Glutton,"2025-06-18 12:00","-"
Cowrie,"2025-06-11 00:00","-"
Cowrie,"2025-06-11 03:00","-"
Cowrie,"2025-06-11 06:00","-"
Cowrie,"2025-06-11 09:00","-"
Cowrie,"2025-06-11 12:00","-"
Cowrie,"2025-06-11 15:00","-"
Cowrie,"2025-06-11 18:00","-"
Cowrie,"2025-06-11 21:00","-"
Cowrie,"2025-06-12 00:00","-"
Cowrie,"2025-06-12 03:00","-"
Cowrie,"2025-06-12 06:00","-"
Cowrie,"2025-06-12 09:00","-"
Cowrie,"2025-06-12 12:00","-"
Cowrie,"2025-06-12 15:00","-"
Cowrie,"2025-06-12 18:00","-"
Cowrie,"2025-06-12 21:00","-"
Cowrie,"2025-06-13 00:00","-"
Cowrie,"2025-06-13 03:00","-"
Cowrie,"2025-06-13 06:00","-"
Cowrie,"2025-06-13 09:00","-"
Cowrie,"2025-06-13 12:00","-"
Cowrie,"2025-06-13 15:00",4
Cowrie,"2025-06-13 18:00",25
Cowrie,"2025-06-13 21:00","-"
Cowrie,"2025-06-14 00:00","-"
Cowrie,"2025-06-14 03:00","-"
Cowrie,"2025-06-14 06:00","-"
Cowrie,"2025-06-14 09:00",14
Cowrie,"2025-06-14 12:00",39
Cowrie,"2025-06-14 15:00","-"
Cowrie,"2025-06-14 18:00","-"
Cowrie,"2025-06-14 21:00","-"
Cowrie,"2025-06-15 00:00","-"
Cowrie,"2025-06-15 03:00","-"
Cowrie,"2025-06-15 06:00","-"
Cowrie,"2025-06-15 09:00","-"
Cowrie,"2025-06-15 12:00",20
Cowrie,"2025-06-15 15:00","-"
Cowrie,"2025-06-15 18:00","-"
Cowrie,"2025-06-15 21:00","-"
Cowrie,"2025-06-16 00:00",4
Cowrie,"2025-06-16 03:00","-"
Cowrie,"2025-06-16 06:00","-"
Cowrie,"2025-06-16 09:00",10
Cowrie,"2025-06-16 12:00",29
Cowrie,"2025-06-16 15:00",282
Cowrie,"2025-06-16 18:00","-"
Cowrie,"2025-06-16 21:00","-"
Cowrie,"2025-06-17 00:00","-"
Cowrie,"2025-06-17 03:00","-"
Cowrie,"2025-06-17 06:00","-"
Cowrie,"2025-06-17 09:00","-"
Cowrie,"2025-06-17 12:00","-"
Cowrie,"2025-06-17 15:00","-"
Cowrie,"2025-06-17 18:00","-"
Cowrie,"2025-06-17 21:00","-"
Cowrie,"2025-06-18 00:00","-"
Cowrie,"2025-06-18 03:00","-"
Cowrie,"2025-06-18 06:00","-"
Cowrie,"2025-06-18 09:00","-"
Cowrie,"2025-06-18 12:00",36
Dionaea,"2025-06-11 00:00","-"
Dionaea,"2025-06-11 03:00","-"
Dionaea,"2025-06-11 06:00","-"
Dionaea,"2025-06-11 09:00","-"
Dionaea,"2025-06-11 12:00","-"
Dionaea,"2025-06-11 15:00","-"
Dionaea,"2025-06-11 18:00","-"
Dionaea,"2025-06-11 21:00","-"
Dionaea,"2025-06-12 00:00","-"
Dionaea,"2025-06-12 03:00","-"
Dionaea,"2025-06-12 06:00","-"
Dionaea,"2025-06-12 09:00","-"
Dionaea,"2025-06-12 12:00","-"
Dionaea,"2025-06-12 15:00","-"
Dionaea,"2025-06-12 18:00",6
Dionaea,"2025-06-12 21:00","-"
Dionaea,"2025-06-13 00:00","-"
Dionaea,"2025-06-13 03:00","-"
Dionaea,"2025-06-13 06:00","-"
Dionaea,"2025-06-13 09:00",5
Dionaea,"2025-06-13 12:00",1
Dionaea,"2025-06-13 15:00",3
Dionaea,"2025-06-13 18:00",1
Dionaea,"2025-06-13 21:00","-"
Dionaea,"2025-06-14 00:00","-"
Dionaea,"2025-06-14 03:00","-"
Dionaea,"2025-06-14 06:00","-"
Dionaea,"2025-06-14 09:00","-"
Dionaea,"2025-06-14 12:00",3
Dionaea,"2025-06-14 15:00","-"
Dionaea,"2025-06-14 18:00","-"
Dionaea,"2025-06-14 21:00","-"
Dionaea,"2025-06-15 00:00","-"
Dionaea,"2025-06-15 03:00","-"
Dionaea,"2025-06-15 06:00","-"
Dionaea,"2025-06-15 09:00","-"
Dionaea,"2025-06-15 12:00",3
Dionaea,"2025-06-15 15:00","-"
Dionaea,"2025-06-15 18:00","-"
Dionaea,"2025-06-15 21:00","-"
Dionaea,"2025-06-16 00:00",3
Dionaea,"2025-06-16 03:00","-"
Dionaea,"2025-06-16 06:00","-"
Dionaea,"2025-06-16 09:00",6
Dionaea,"2025-06-16 12:00",8
Dionaea,"2025-06-16 15:00",9
Dionaea,"2025-06-16 18:00","-"
Dionaea,"2025-06-16 21:00","-"
Dionaea,"2025-06-17 00:00","-"
Dionaea,"2025-06-17 03:00","-"
Dionaea,"2025-06-17 06:00","-"
Dionaea,"2025-06-17 09:00","-"
Dionaea,"2025-06-17 12:00","-"
Dionaea,"2025-06-17 15:00","-"
Dionaea,"2025-06-17 18:00","-"
Dionaea,"2025-06-17 21:00","-"
Dionaea,"2025-06-18 00:00","-"
Dionaea,"2025-06-18 03:00","-"
Dionaea,"2025-06-18 06:00","-"
Dionaea,"2025-06-18 09:00","-"
Dionaea,"2025-06-18 12:00",6
Mailoney,"2025-06-11 00:00","-"
Mailoney,"2025-06-11 03:00","-"
Mailoney,"2025-06-11 06:00","-"
Mailoney,"2025-06-11 09:00","-"
Mailoney,"2025-06-11 12:00","-"
Mailoney,"2025-06-11 15:00","-"
Mailoney,"2025-06-11 18:00","-"
Mailoney,"2025-06-11 21:00","-"
Mailoney,"2025-06-12 00:00","-"
Mailoney,"2025-06-12 03:00","-"
Mailoney,"2025-06-12 06:00","-"
Mailoney,"2025-06-12 09:00","-"
Mailoney,"2025-06-12 12:00","-"
Mailoney,"2025-06-12 15:00","-"
Mailoney,"2025-06-12 18:00","-"
Mailoney,"2025-06-12 21:00","-"
Mailoney,"2025-06-13 00:00","-"
Mailoney,"2025-06-13 03:00","-"
Mailoney,"2025-06-13 06:00","-"
Mailoney,"2025-06-13 09:00","-"
Mailoney,"2025-06-13 12:00","-"
Mailoney,"2025-06-13 15:00","-"
Mailoney,"2025-06-13 18:00","-"
Mailoney,"2025-06-13 21:00","-"
Mailoney,"2025-06-14 00:00","-"
Mailoney,"2025-06-14 03:00","-"
Mailoney,"2025-06-14 06:00","-"
Mailoney,"2025-06-14 09:00","-"
Mailoney,"2025-06-14 12:00","-"
Mailoney,"2025-06-14 15:00","-"
Mailoney,"2025-06-14 18:00","-"
Mailoney,"2025-06-14 21:00","-"
Mailoney,"2025-06-15 00:00","-"
Mailoney,"2025-06-15 03:00","-"
Mailoney,"2025-06-15 06:00","-"
Mailoney,"2025-06-15 09:00","-"
Mailoney,"2025-06-15 12:00",2
Mailoney,"2025-06-15 15:00","-"
Mailoney,"2025-06-15 18:00","-"
Mailoney,"2025-06-15 21:00","-"
Mailoney,"2025-06-16 00:00",2
Mailoney,"2025-06-16 03:00","-"
Mailoney,"2025-06-16 06:00","-"
Mailoney,"2025-06-16 09:00","-"
Mailoney,"2025-06-16 12:00",2
Mailoney,"2025-06-16 15:00",2
Mailoney,"2025-06-16 18:00","-"
Mailoney,"2025-06-16 21:00","-"
Mailoney,"2025-06-17 00:00","-"
Mailoney,"2025-06-17 03:00","-"
Mailoney,"2025-06-17 06:00","-"
Mailoney,"2025-06-17 09:00","-"
Mailoney,"2025-06-17 12:00","-"
Mailoney,"2025-06-17 15:00","-"
Mailoney,"2025-06-17 18:00","-"
Mailoney,"2025-06-17 21:00","-"
Mailoney,"2025-06-18 00:00","-"
Mailoney,"2025-06-18 03:00","-"
Mailoney,"2025-06-18 06:00","-"
Mailoney,"2025-06-18 09:00","-"
Mailoney,"2025-06-18 12:00","-"
Heralding,"2025-06-11 00:00","-"
Heralding,"2025-06-11 03:00","-"
Heralding,"2025-06-11 06:00","-"
Heralding,"2025-06-11 09:00","-"
Heralding,"2025-06-11 12:00","-"
Heralding,"2025-06-11 15:00","-"
Heralding,"2025-06-11 18:00","-"
Heralding,"2025-06-11 21:00","-"
Heralding,"2025-06-12 00:00","-"
Heralding,"2025-06-12 03:00","-"
Heralding,"2025-06-12 06:00","-"
Heralding,"2025-06-12 09:00","-"
Heralding,"2025-06-12 12:00","-"
Heralding,"2025-06-12 15:00","-"
Heralding,"2025-06-12 18:00","-"
Heralding,"2025-06-12 21:00","-"
Heralding,"2025-06-13 00:00","-"
Heralding,"2025-06-13 03:00","-"
Heralding,"2025-06-13 06:00","-"
Heralding,"2025-06-13 09:00","-"
Heralding,"2025-06-13 12:00","-"
Heralding,"2025-06-13 15:00","-"
Heralding,"2025-06-13 18:00","-"
Heralding,"2025-06-13 21:00","-"
Heralding,"2025-06-14 00:00","-"
Heralding,"2025-06-14 03:00","-"
Heralding,"2025-06-14 06:00","-"
Heralding,"2025-06-14 09:00","-"
Heralding,"2025-06-14 12:00","-"
Heralding,"2025-06-14 15:00","-"
Heralding,"2025-06-14 18:00","-"
Heralding,"2025-06-14 21:00","-"
Heralding,"2025-06-15 00:00","-"
Heralding,"2025-06-15 03:00","-"
Heralding,"2025-06-15 06:00","-"
Heralding,"2025-06-15 09:00",1
Heralding,"2025-06-15 12:00","-"
Heralding,"2025-06-15 15:00","-"
Heralding,"2025-06-15 18:00","-"
Heralding,"2025-06-15 21:00","-"
Heralding,"2025-06-16 00:00","-"
Heralding,"2025-06-16 03:00","-"
Heralding,"2025-06-16 06:00","-"
Heralding,"2025-06-16 09:00","-"
Heralding,"2025-06-16 12:00","-"
Heralding,"2025-06-16 15:00",1
Heralding,"2025-06-16 18:00","-"
Heralding,"2025-06-16 21:00","-"
Heralding,"2025-06-17 00:00","-"
Heralding,"2025-06-17 03:00","-"
Heralding,"2025-06-17 06:00","-"
Heralding,"2025-06-17 09:00","-"
Heralding,"2025-06-17 12:00","-"
Heralding,"2025-06-17 15:00","-"
Heralding,"2025-06-17 18:00","-"
Heralding,"2025-06-17 21:00","-"
Heralding,"2025-06-18 00:00","-"
Heralding,"2025-06-18 03:00","-"
Heralding,"2025-06-18 06:00","-"
Heralding,"2025-06-18 09:00","-"
Heralding,"2025-06-18 12:00","-"
